person_id,first_name,last_name,theme_name,entailment_score,speech_title,speech_link,speech_content_preview,group_code,country
124875,Anders,Vistisen,RussianWarCrimes,0.785689115524292,"Verbatim report of proceedings - Russia’s war crimes in Ukraine: standing with Ukraine and upholding justice (debate) - Tuesday, 1 April 2025",https://www.europarl.europa.eu/doceo/document/CRE-10-2025-04-01-ITM-003_EN.html,"  Anders Vistisen,  on behalf of the PfE Group. – Madam President, there is not any real doubt that ",ID,DNK
124766,Petras,Auštrevičius,RussianWarCrimes,0.9172214269638062,"Verbatim report of proceedings - Russia’s war crimes in Ukraine: standing with Ukraine and upholding justice (debate) - Tuesday, 1 April 2025",https://www.europarl.europa.eu/doceo/document/CRE-10-2025-04-01-ITM-003_EN.html,"  Petras Auštrevičius,  on behalf of the Renew Group. – Madam President, Madam High Representative, ",RENEW,LTU
111412,Villy,Søvndal,RussianWarCrimes,0.5551398992538452,"Verbatim report of proceedings - Russia’s war crimes in Ukraine: standing with Ukraine and upholding justice (debate) - Tuesday, 1 April 2025",https://www.europarl.europa.eu/doceo/document/CRE-10-2025-04-01-ITM-003_EN.html,"  Villy Søvndal,  for Verts/ALE-Gruppen. – Fru formand! Ifølge FN har over 12 300 civile, heraf 650 ",GREEN_EFA,DNK
256929,René,Aust,RussianWarCrimes,0.562323808670044,"Verbatim report of proceedings - Russia’s war crimes in Ukraine: standing with Ukraine and upholding justice (debate) - Tuesday, 1 April 2025",https://www.europarl.europa.eu/doceo/document/CRE-10-2025-04-01-ITM-003_EN.html,"  René Aust,  im Namen der ESN-Fraktion. – Frau Präsidentin! Wir trauern um die Opfer des Krieges, u",ESN,DEU
197401,Karin,Karlsbro,RussianWarCrimes,0.8464071750640869,"Verbatim report of proceedings - Establishing the Ukraine Loan Cooperation Mechanism and providing exceptional macro-financial assistance to Ukraine (debate) - Tuesday, 22 October 2024",https://www.europarl.europa.eu/doceo/document/CRE-10-2024-10-22-ITM-002_EN.html,"  Karin Karlsbro,  rapporteur. – Mr President, Commission, colleagues, since the first day of Putin'",RENEW,SWE
124867,Brando,Benifei,RussianWarCrimes,0.7923517823219299,"Verbatim report of proceedings - EU action to ensure security guarantees and just peace for Ukraine - 2023 and 2024 reports on Ukraine - Tuesday, 9 September 2025",https://www.europarl.europa.eu/doceo/document/CRE-10-2025-09-09-ITM-002_EN.html,"  Brando Benifei (S&D).   – Signora Presidente, onorevoli colleghi, il tappeto rosso americano per i",SD,ITA
220871,Rihards,Kols,RussianWarCrimes,0.8361713290214539,"Verbatim report of proceedings - Continued financial and military support to Ukraine by EU Member States (debate) - Tuesday, 17 September 2024",https://www.europarl.europa.eu/doceo/document/CRE-10-2024-09-17-ITM-002_EN.html,"  Rihards Kols (ECR).   – Mr President, we call for the prosecution of war criminals like Putin, Sho",ECR,LVA
197533,Manon,Aubry,RussianWarCrimes,0.6220539808273315,"Verbatim report of proceedings - Establishing the Ukraine Loan Cooperation Mechanism and providing exceptional macro-financial assistance to Ukraine (debate) - Tuesday, 22 October 2024",https://www.europarl.europa.eu/doceo/document/CRE-10-2024-10-22-ITM-002_EN.html,"  Manon Aubry,  au nom du groupe The Left. – Monsieur le Président, lorsque des frontières sont viol",GUE_NGL,FRA
197405,Jörgen,Warborn,RussianWarCrimes,0.6658549904823303,"Verbatim report of proceedings - Establishing the Ukraine Loan Cooperation Mechanism and providing exceptional macro-financial assistance to Ukraine (debate) - Tuesday, 22 October 2024",https://www.europarl.europa.eu/doceo/document/CRE-10-2024-10-22-ITM-002_EN.html,  Jörgen Warborn (PPE).   – Herr talman! Jag tror att vi alla kan vara överens om att Rysslands opro,EPP,SWE
257011,Lucia,Yar,RussianWarCrimes,0.7896202206611633,"Verbatim report of proceedings - Establishing the Ukraine Loan Cooperation Mechanism and providing exceptional macro-financial assistance to Ukraine (debate) - Tuesday, 22 October 2024",https://www.europarl.europa.eu/doceo/document/CRE-10-2024-10-22-ITM-002_EN.html,"  Lucia Yar (Renew).   – Vážený pán predsedajúci, to, čo Putin Ukrajincom zničil, máme teraz možnosť",RENEW,SVK
256804,Pekka,Toveri,RussianWarCrimes,0.6470322608947754,"Verbatim report of proceedings - Establishing the Ukraine Loan Cooperation Mechanism and providing exceptional macro-financial assistance to Ukraine (debate) - Tuesday, 22 October 2024",https://www.europarl.europa.eu/doceo/document/CRE-10-2024-10-22-ITM-002_EN.html,"  Pekka Toveri (PPE).   – Mr President, dear colleagues, Russia is attacking not only the Ukrainian ",EPP,FIN
197392,Evin,Incir,RussianWarCrimes,0.6942567229270935,"Verbatim report of proceedings - Continued financial and military support to Ukraine by EU Member States (debate) - Tuesday, 17 September 2024",https://www.europarl.europa.eu/doceo/document/CRE-10-2024-09-17-ITM-002_EN.html,"  Evin Incir (S&D).   – Madam President, colleagues, despite previous dialogue efforts, Putin contin",SD,SWE
204449,Riho,Terras,RussianWarCrimes,0.6937384605407715,"Verbatim report of proceedings - Establishing the Ukraine Loan Cooperation Mechanism and providing exceptional macro-financial assistance to Ukraine (debate) - Tuesday, 22 October 2024",https://www.europarl.europa.eu/doceo/document/CRE-10-2024-10-22-ITM-002_EN.html,"  Riho Terras (PPE).   – Mr President, dear colleagues, Russia has waged this full-scale war against",EPP,EST
185341,Željana,Zovko,RussianWarCrimes,0.5914176106452942,"Verbatim report of proceedings - Establishing the Ukraine Loan Cooperation Mechanism and providing exceptional macro-financial assistance to Ukraine (debate) - Tuesday, 22 October 2024",https://www.europarl.europa.eu/doceo/document/CRE-10-2024-10-22-ITM-002_EN.html,"  Željana Zovko (PPE).   – Mr President, Russia's aggression and war against Ukraine not only altere",EPP,HRV
256807,Dainius,Žalimas,RussianWarCrimes,0.5949302315711975,"Verbatim report of proceedings - Establishing the Ukraine Loan Cooperation Mechanism and providing exceptional macro-financial assistance to Ukraine (debate) - Tuesday, 22 October 2024",https://www.europarl.europa.eu/doceo/document/CRE-10-2024-10-22-ITM-002_EN.html,"  Dainius Žalimas (Renew).   – Mr President, dear Commissioner, dear colleagues, Russia's criminal a",RENEW,LTU
2341,Michael,Gahler,RussianWarCrimes,0.8589933514595032,"Verbatim report of proceedings - EU action to ensure security guarantees and just peace for Ukraine - 2023 and 2024 reports on Ukraine - Tuesday, 9 September 2025",https://www.europarl.europa.eu/doceo/document/CRE-10-2025-09-09-ITM-002_EN.html,"  Michael Gahler,  Berichterstatter. – Frau Präsidentin, liebe Kolleginnen und Kollegen, sehr verehr",EPP,DEU
197468,Özlem,Demirel,RussianWarCrimes,0.5300580263137817,"Verbatim report of proceedings - Continued financial and military support to Ukraine by EU Member States (debate) - Tuesday, 17 September 2024",https://www.europarl.europa.eu/doceo/document/CRE-10-2024-09-17-ITM-002_EN.html,"  Özlem Demirel,  im Namen der Fraktion The Left. – Herr Präsident, liebe Kolleginnen und Kollegen! ",GUE_NGL,DEU
201945,Virginijus,Sinkevičius,RussianWarCrimes,0.5624133944511414,"Verbatim report of proceedings - Continued financial and military support to Ukraine by EU Member States (debate) - Tuesday, 17 September 2024",https://www.europarl.europa.eu/doceo/document/CRE-10-2024-09-17-ITM-002_EN.html,"  Virginijus Sinkevičius (Verts/ALE).   – Mr President, soon it will be 1000 days. This very Novembe",GREEN_EFA,LTU
23788,Adam,Bielan,RussianWarCrimes,0.5664234757423401,"Verbatim report of proceedings - EU action to ensure security guarantees and just peace for Ukraine - 2023 and 2024 reports on Ukraine - Tuesday, 9 September 2025",https://www.europarl.europa.eu/doceo/document/CRE-10-2025-09-09-ITM-002_EN.html,"  Adam Bielan (ECR).   – Madam President, High Representative, the ECR Group has always been clear: ",ECR,POL
256841,Helmut,Brandstätter,RussianWarCrimes,0.5968970060348511,"Verbatim report of proceedings - EU action to ensure security guarantees and just peace for Ukraine - 2023 and 2024 reports on Ukraine - Tuesday, 9 September 2025",https://www.europarl.europa.eu/doceo/document/CRE-10-2025-09-09-ITM-002_EN.html,"  Helmut Brandstätter (Renew).   – Madam President, Madam Vice‑President, dear Commissioner, Ms Kos,",RENEW,AUT
103381,Terry,Reintke,RussianWarCrimes,0.7097304463386536,"Verbatim report of proceedings - 1000 days of Russia's full-scale invasion of Ukraine (debate) - Tuesday, 19 November 2024",https://www.europarl.europa.eu/doceo/document/CRE-10-2024-11-19-ITM-005_EN.html,"  Terry Reintke,  on behalf of the Verts/ALE Group. – Madam President, dear President of Ukraine Zel",GREEN_EFA,DEU
131580,Jordan,Bardella,RussianWarCrimes,0.5348155498504639,"Verbatim report of proceedings - The need for the EU's continuous support for Ukraine (debate) - Wednesday, 17 July 2024",https://www.europarl.europa.eu/doceo/document/CRE-10-2024-07-17-ITM-004_EN.html,"  Jordan Bardella,  au nom du groupe Patriots. – Madame la Présidente, Mesdames, Messieurs, mes cher",ID,FRA
197497,Sven,Mikser,RussianWarCrimes,0.6043763160705566,"Verbatim report of proceedings - The need for the EU's continuous support for Ukraine (debate) - Wednesday, 17 July 2024",https://www.europarl.europa.eu/doceo/document/CRE-10-2024-07-17-ITM-004_EN.html,"  Sven Mikser (S&D).   – Madam President, dear colleagues, I think it is very symbolic and very impo",SD,EST
197464,Hannah,Neumann,RussianWarCrimes,0.6347166895866394,"Verbatim report of proceedings - Continued financial and military support to Ukraine by EU Member States (debate) - Tuesday, 17 September 2024",https://www.europarl.europa.eu/doceo/document/CRE-10-2024-09-17-ITM-002_EN.html,"  Hannah Neumann (Verts/ALE).   – Madam President, dear colleagues, we need to support Ukraine as lo",GREEN_EFA,DEU
124766,Petras,Auštrevičius,TribunalForRussia,0.7586867213249207,"Verbatim report of proceedings - Russia’s war crimes in Ukraine: standing with Ukraine and upholding justice (debate) - Tuesday, 1 April 2025",https://www.europarl.europa.eu/doceo/document/CRE-10-2025-04-01-ITM-003_EN.html,"  Petras Auštrevičius,  on behalf of the Renew Group. – Madam President, Madam High Representative, ",RENEW,LTU
220871,Rihards,Kols,TribunalForRussia,0.5626693367958069,"Verbatim report of proceedings - Continued financial and military support to Ukraine by EU Member States (debate) - Tuesday, 17 September 2024",https://www.europarl.europa.eu/doceo/document/CRE-10-2024-09-17-ITM-002_EN.html,"  Rihards Kols (ECR).   – Mr President, we call for the prosecution of war criminals like Putin, Sho",ECR,LVA
96934,Sandra,Kalniete,CivilianCasualtiesOutrage,0.9447808265686036,"Verbatim report of proceedings - Russia’s war crimes in Ukraine: standing with Ukraine and upholding justice (debate) - Tuesday, 1 April 2025",https://www.europarl.europa.eu/doceo/document/CRE-10-2025-04-01-ITM-003_EN.html,"  Sandra Kalniete,  PPE grupas vārdā. – Cienītā priekšsēdētāja, kolēģi! Kopš Krievijas agresijas sāk",EPP,LVA
96934,Sandra,Kalniete,CivilianCasualtiesOutrage,0.8691527843475342,"Verbatim report of proceedings - EU action to ensure security guarantees and just peace for Ukraine - 2023 and 2024 reports on Ukraine - Tuesday, 9 September 2025",https://www.europarl.europa.eu/doceo/document/CRE-10-2025-09-09-ITM-002_EN.html,"  Sandra Kalniete (PPE).   – Cienītā sēdes vadītāja! Kolēģi! Vai šeit, Eiropas Parlamentā, ir vēl kā",EPP,LVA
257076,Michał,Dworczyk,CivilianCasualtiesOutrage,0.5679184794425964,"Verbatim report of proceedings - Continued financial and military support to Ukraine by EU Member States (debate) - Tuesday, 17 September 2024",https://www.europarl.europa.eu/doceo/document/CRE-10-2024-09-17-ITM-002_EN.html,  Michał Dworczyk (ECR).   – Szanowna Pani Przewodnicząca! Szanowni Państwo! Koleżanki i Koledzy! Dz,ECR,POL
124766,Petras,Auštrevičius,CivilianCasualtiesOutrage,0.8623356223106384,"Verbatim report of proceedings - Russia’s war crimes in Ukraine: standing with Ukraine and upholding justice (debate) - Tuesday, 1 April 2025",https://www.europarl.europa.eu/doceo/document/CRE-10-2025-04-01-ITM-003_EN.html,"  Petras Auštrevičius,  on behalf of the Renew Group. – Madam President, Madam High Representative, ",RENEW,LTU
111412,Villy,Søvndal,CivilianCasualtiesOutrage,0.8579819798469543,"Verbatim report of proceedings - Russia’s war crimes in Ukraine: standing with Ukraine and upholding justice (debate) - Tuesday, 1 April 2025",https://www.europarl.europa.eu/doceo/document/CRE-10-2025-04-01-ITM-003_EN.html,"  Villy Søvndal,  for Verts/ALE-Gruppen. – Fru formand! Ifølge FN har over 12 300 civile, heraf 650 ",GREEN_EFA,DNK
111412,Villy,Søvndal,CivilianCasualtiesOutrage,0.8692837953567505,"Verbatim report of proceedings - Continued financial and military support to Ukraine by EU Member States (debate) - Tuesday, 17 September 2024",https://www.europarl.europa.eu/doceo/document/CRE-10-2024-09-17-ITM-002_EN.html,  Villy Søvndal (Verts/ALE).   – Hr. formand! Lige nu foregår der en fundamental kamp i Ukraine. Vi ,GREEN_EFA,DNK
190517,Martin,Schirdewan,CivilianCasualtiesOutrage,0.6504594087600708,"Verbatim report of proceedings - 1000 days of Russia's full-scale invasion of Ukraine (debate) - Tuesday, 19 November 2024",https://www.europarl.europa.eu/doceo/document/CRE-10-2024-11-19-ITM-005_EN.html,"  Martin Schirdewan,  im Namen der Fraktion The Left. – Frau Präsidentin, Herr Präsident Selenskyj! ",GUE_NGL,DEU
197401,Karin,Karlsbro,StressesRussianResponsibility,0.8900708556175232,"Verbatim report of proceedings - Establishing the Ukraine Loan Cooperation Mechanism and providing exceptional macro-financial assistance to Ukraine (debate) - Tuesday, 22 October 2024",https://www.europarl.europa.eu/doceo/document/CRE-10-2024-10-22-ITM-002_EN.html,"  Karin Karlsbro,  rapporteur. – Mr President, Commission, colleagues, since the first day of Putin'",RENEW,SWE
124867,Brando,Benifei,CivilianCasualtiesOutrage,0.9331710934638976,"Verbatim report of proceedings - EU action to ensure security guarantees and just peace for Ukraine - 2023 and 2024 reports on Ukraine - Tuesday, 9 September 2025",https://www.europarl.europa.eu/doceo/document/CRE-10-2025-09-09-ITM-002_EN.html,"  Brando Benifei (S&D).   – Signora Presidente, onorevoli colleghi, il tappeto rosso americano per i",SD,ITA
220871,Rihards,Kols,CivilianCasualtiesOutrage,0.8925155401229858,"Verbatim report of proceedings - Continued financial and military support to Ukraine by EU Member States (debate) - Tuesday, 17 September 2024",https://www.europarl.europa.eu/doceo/document/CRE-10-2024-09-17-ITM-002_EN.html,"  Rihards Kols (ECR).   – Mr President, we call for the prosecution of war criminals like Putin, Sho",ECR,LVA
197533,Manon,Aubry,CivilianCasualtiesOutrage,0.6676091551780701,"Verbatim report of proceedings - Establishing the Ukraine Loan Cooperation Mechanism and providing exceptional macro-financial assistance to Ukraine (debate) - Tuesday, 22 October 2024",https://www.europarl.europa.eu/doceo/document/CRE-10-2024-10-22-ITM-002_EN.html,"  Manon Aubry,  au nom du groupe The Left. – Monsieur le Président, lorsque des frontières sont viol",GUE_NGL,FRA
197763,Milan,Uhrík,CivilianCasualtiesOutrage,0.5261799693107605,"Verbatim report of proceedings - Continued financial and military support to Ukraine by EU Member States (debate) - Tuesday, 17 September 2024",https://www.europarl.europa.eu/doceo/document/CRE-10-2024-09-17-ITM-002_EN.html,"  Milan Uhrík (ESN).   – Vážená pani predsedajúca, ešte ani nebola zvolená nová eurokomisia a hneď p",NI,SVK
257011,Lucia,Yar,CivilianCasualtiesOutrage,0.9763320684432985,"Verbatim report of proceedings - Establishing the Ukraine Loan Cooperation Mechanism and providing exceptional macro-financial assistance to Ukraine (debate) - Tuesday, 22 October 2024",https://www.europarl.europa.eu/doceo/document/CRE-10-2024-10-22-ITM-002_EN.html,"  Lucia Yar (Renew).   – Vážený pán predsedajúci, to, čo Putin Ukrajincom zničil, máme teraz možnosť",RENEW,SVK
257011,Lucia,Yar,CivilianCasualtiesOutrage,0.843700110912323,"Verbatim report of proceedings - Continued financial and military support to Ukraine by EU Member States (debate) - Tuesday, 17 September 2024",https://www.europarl.europa.eu/doceo/document/CRE-10-2024-09-17-ITM-002_EN.html,"  Lucia Yar (Renew).   – Vážená pani predsedajúca, komisár. V tejto chvíli potrebujeme posilniť našu",RENEW,SVK
197439,Damian,Boeselager,CivilianCasualtiesOutrage,0.6238675713539124,"Verbatim report of proceedings - Establishing the Ukraine Loan Cooperation Mechanism and providing exceptional macro-financial assistance to Ukraine (debate) - Tuesday, 22 October 2024",https://www.europarl.europa.eu/doceo/document/CRE-10-2024-10-22-ITM-002_EN.html,"  Damian Boeselager (Verts/ALE).   – Mr President, I am very happy and proud we are now approving th",GREEN_EFA,DEU
197439,Damian,Boeselager,StressesRussianResponsibility,0.9244245290756226,"Verbatim report of proceedings - Establishing the Ukraine Loan Cooperation Mechanism and providing exceptional macro-financial assistance to Ukraine (debate) - Tuesday, 22 October 2024",https://www.europarl.europa.eu/doceo/document/CRE-10-2024-10-22-ITM-002_EN.html,"  Damian Boeselager (Verts/ALE).   – Mr President, I am very happy and proud we are now approving th",GREEN_EFA,DEU
124802,Siegfried,Mureşan,StressesRussianResponsibility,0.9022467136383056,"Verbatim report of proceedings - Establishing the Ukraine Loan Cooperation Mechanism and providing exceptional macro-financial assistance to Ukraine (debate) - Tuesday, 22 October 2024",https://www.europarl.europa.eu/doceo/document/CRE-10-2024-10-22-ITM-002_EN.html,"  Siegfried Mureşan (PPE).   – Mr President, dear colleagues, we need to say the truth. There is onl",EPP,ROU
124802,Siegfried,Mureşan,UkraineSupport,0.6699775457382202,"Verbatim report of proceedings - Establishing the Ukraine Loan Cooperation Mechanism and providing exceptional macro-financial assistance to Ukraine (debate) - Tuesday, 22 October 2024",https://www.europarl.europa.eu/doceo/document/CRE-10-2024-10-22-ITM-002_EN.html,"  Siegfried Mureşan (PPE).   – Mr President, dear colleagues, we need to say the truth. There is onl",EPP,ROU
257110,Dan,Barna,StressesRussianResponsibility,0.7696132063865662,"Verbatim report of proceedings - Establishing the Ukraine Loan Cooperation Mechanism and providing exceptional macro-financial assistance to Ukraine (debate) - Tuesday, 22 October 2024",https://www.europarl.europa.eu/doceo/document/CRE-10-2024-10-22-ITM-002_EN.html,"  Dan Barna (Renew).   – Domnule președinte, mecanismul de împrumut pentru Ucraina, pe care îl vom v",RENEW,ROU
257005,Ľuboš,Blaha,CivilianCasualtiesOutrage,0.6934170126914978,"Verbatim report of proceedings - Establishing the Ukraine Loan Cooperation Mechanism and providing exceptional macro-financial assistance to Ukraine (debate) - Tuesday, 22 October 2024",https://www.europarl.europa.eu/doceo/document/CRE-10-2024-10-22-ITM-002_EN.html,"  Ľuboš Blaha (NI).   – Vážený pán predsedajúci, zmrazenie ruského majetku je krádež, doslova lúpež.",NI,SVK
197391,Heléne,Fritzon,CivilianCasualtiesOutrage,0.8013932704925537,"Verbatim report of proceedings - Establishing the Ukraine Loan Cooperation Mechanism and providing exceptional macro-financial assistance to Ukraine (debate) - Tuesday, 22 October 2024",https://www.europarl.europa.eu/doceo/document/CRE-10-2024-10-22-ITM-002_EN.html,  Heléne Fritzon (S&D).   – Herr talman! Kriget i Ukraina pågår här och nu. När vi möts här i dag fa,SD,SWE
197391,Heléne,Fritzon,UkraineSupport,0.5954967141151428,"Verbatim report of proceedings - Establishing the Ukraine Loan Cooperation Mechanism and providing exceptional macro-financial assistance to Ukraine (debate) - Tuesday, 22 October 2024",https://www.europarl.europa.eu/doceo/document/CRE-10-2024-10-22-ITM-002_EN.html,  Heléne Fritzon (S&D).   – Herr talman! Kriget i Ukraina pågår här och nu. När vi möts här i dag fa,SD,SWE
197391,Heléne,Fritzon,CivilianCasualtiesOutrage,0.8555907607078552,"Verbatim report of proceedings - EU action to ensure security guarantees and just peace for Ukraine - 2023 and 2024 reports on Ukraine - Tuesday, 9 September 2025",https://www.europarl.europa.eu/doceo/document/CRE-10-2025-09-09-ITM-002_EN.html,  Heléne Fritzon (S&D).   – Fru talman! Världsordningen är i gungning och Europa står inför sin svår,SD,SWE
256896,Angéline,Furet,UkraineSupport,0.9750131964683532,"Verbatim report of proceedings - Establishing the Ukraine Loan Cooperation Mechanism and providing exceptional macro-financial assistance to Ukraine (debate) - Tuesday, 22 October 2024",https://www.europarl.europa.eu/doceo/document/CRE-10-2024-10-22-ITM-002_EN.html,"  Angéline Furet (PfE).   – Monsieur le Président, l’Union européenne et ses États membres ont appor",PFE,FRA
257097,Alberico,Gambino,StressesRussianResponsibility,0.6657483577728271,"Verbatim report of proceedings - Establishing the Ukraine Loan Cooperation Mechanism and providing exceptional macro-financial assistance to Ukraine (debate) - Tuesday, 22 October 2024",https://www.europarl.europa.eu/doceo/document/CRE-10-2024-10-22-ITM-002_EN.html,"  Alberico Gambino (ECR).   – Signor Presidente, onorevoli colleghi, signor Commissario, la proposta",ECR,ITA
257097,Alberico,Gambino,CivilianCasualtiesOutrage,0.5558044910430908,"Verbatim report of proceedings - EU action to ensure security guarantees and just peace for Ukraine - 2023 and 2024 reports on Ukraine - Tuesday, 9 September 2025",https://www.europarl.europa.eu/doceo/document/CRE-10-2025-09-09-ITM-002_EN.html,"  Alberico Gambino (ECR).   – Signora Presidente, signora Commissaria, onorevoli colleghi, dopo anni",ECR,ITA
197624,Ivars,Ijabs,UkraineSupport,0.5453735589981079,"Verbatim report of proceedings - Establishing the Ukraine Loan Cooperation Mechanism and providing exceptional macro-financial assistance to Ukraine (debate) - Tuesday, 22 October 2024",https://www.europarl.europa.eu/doceo/document/CRE-10-2024-10-22-ITM-002_EN.html,  Ivars Ijabs (Renew).   – Dārgais priekšsēdētāja kungs! Dārgais Reindersa kungs! Es vispirms gribēt,RENEW,LVA
256804,Pekka,Toveri,CivilianCasualtiesOutrage,0.8423603177070618,"Verbatim report of proceedings - Establishing the Ukraine Loan Cooperation Mechanism and providing exceptional macro-financial assistance to Ukraine (debate) - Tuesday, 22 October 2024",https://www.europarl.europa.eu/doceo/document/CRE-10-2024-10-22-ITM-002_EN.html,"  Pekka Toveri (PPE).   – Mr President, dear colleagues, Russia is attacking not only the Ukrainian ",EPP,FIN
256804,Pekka,Toveri,UkraineSupport,0.501562774181366,"Verbatim report of proceedings - Establishing the Ukraine Loan Cooperation Mechanism and providing exceptional macro-financial assistance to Ukraine (debate) - Tuesday, 22 October 2024",https://www.europarl.europa.eu/doceo/document/CRE-10-2024-10-22-ITM-002_EN.html,"  Pekka Toveri (PPE).   – Mr President, dear colleagues, Russia is attacking not only the Ukrainian ",EPP,FIN
197392,Evin,Incir,CivilianCasualtiesOutrage,0.7577364444732666,"Verbatim report of proceedings - Continued financial and military support to Ukraine by EU Member States (debate) - Tuesday, 17 September 2024",https://www.europarl.europa.eu/doceo/document/CRE-10-2024-09-17-ITM-002_EN.html,"  Evin Incir (S&D).   – Madam President, colleagues, despite previous dialogue efforts, Putin contin",SD,SWE
28617,Inese,Vaidere,CivilianCasualtiesOutrage,0.983864963054657,"Verbatim report of proceedings - Continued financial and military support to Ukraine by EU Member States (debate) - Tuesday, 17 September 2024",https://www.europarl.europa.eu/doceo/document/CRE-10-2024-09-17-ITM-002_EN.html,  Inese Vaidere (PPE).   – Cienītā sēdes vadītāja! Dārgie kolēģi! Kopš Krievijas kara Ukrainā bojā g,EPP,LVA
204449,Riho,Terras,StressesRussianResponsibility,0.6565001606941223,"Verbatim report of proceedings - Establishing the Ukraine Loan Cooperation Mechanism and providing exceptional macro-financial assistance to Ukraine (debate) - Tuesday, 22 October 2024",https://www.europarl.europa.eu/doceo/document/CRE-10-2024-10-22-ITM-002_EN.html,"  Riho Terras (PPE).   – Mr President, dear colleagues, Russia has waged this full-scale war against",EPP,EST
204449,Riho,Terras,UkraineSupport,0.8029993176460266,"Verbatim report of proceedings - Establishing the Ukraine Loan Cooperation Mechanism and providing exceptional macro-financial assistance to Ukraine (debate) - Tuesday, 22 October 2024",https://www.europarl.europa.eu/doceo/document/CRE-10-2024-10-22-ITM-002_EN.html,"  Riho Terras (PPE).   – Mr President, dear colleagues, Russia has waged this full-scale war against",EPP,EST
219652,Matej,Tonin,CivilianCasualtiesOutrage,0.5274712443351746,"Verbatim report of proceedings - Establishing the Ukraine Loan Cooperation Mechanism and providing exceptional macro-financial assistance to Ukraine (debate) - Tuesday, 22 October 2024",https://www.europarl.europa.eu/doceo/document/CRE-10-2024-10-22-ITM-002_EN.html,"  Matej Tonin (PPE).   – Gospod predsednik! Zmaga Ukrajine se mi zdi ključna zaradi sporočilnosti, d",EPP,SVN
201945,Virginijus,Sinkevičius,CivilianCasualtiesOutrage,0.8443525433540344,"Verbatim report of proceedings - EU action to ensure security guarantees and just peace for Ukraine - 2023 and 2024 reports on Ukraine - Tuesday, 9 September 2025",https://www.europarl.europa.eu/doceo/document/CRE-10-2025-09-09-ITM-002_EN.html,"  Virginijus Sinkevičius (Verts/ALE).   – Madam President, High Representative, dear Commissioner, d",GREEN_EFA,LTU
201945,Virginijus,Sinkevičius,CivilianCasualtiesOutrage,0.6526240110397339,"Verbatim report of proceedings - Continued financial and military support to Ukraine by EU Member States (debate) - Tuesday, 17 September 2024",https://www.europarl.europa.eu/doceo/document/CRE-10-2024-09-17-ITM-002_EN.html,"  Virginijus Sinkevičius (Verts/ALE).   – Mr President, soon it will be 1000 days. This very Novembe",GREEN_EFA,LTU
23788,Adam,Bielan,UkraineSupport,0.9579451680183412,"Verbatim report of proceedings - Continued financial and military support to Ukraine by EU Member States (debate) - Tuesday, 17 September 2024",https://www.europarl.europa.eu/doceo/document/CRE-10-2024-09-17-ITM-002_EN.html,"  Adam Bielan,  on behalf of the ECR Group. – Mr President, dear Commissioners, colleagues, first an",ECR,POL
256907,Reinis,Pozņaks,CivilianCasualtiesOutrage,0.9816348552703856,"Verbatim report of proceedings - EU action to ensure security guarantees and just peace for Ukraine - 2023 and 2024 reports on Ukraine - Tuesday, 9 September 2025",https://www.europarl.europa.eu/doceo/document/CRE-10-2025-09-09-ITM-002_EN.html,"  Reinis Pozņaks (ECR).   – Labdien, cienījamie kolēģi, komisāres kundze, priekšsēdētāja!Kopš ieprie",ECR,LVA
256841,Helmut,Brandstätter,CivilianCasualtiesOutrage,0.8272981643676758,"Verbatim report of proceedings - EU action to ensure security guarantees and just peace for Ukraine - 2023 and 2024 reports on Ukraine - Tuesday, 9 September 2025",https://www.europarl.europa.eu/doceo/document/CRE-10-2025-09-09-ITM-002_EN.html,"  Helmut Brandstätter (Renew).   – Madam President, Madam Vice‑President, dear Commissioner, Ms Kos,",RENEW,AUT
256841,Helmut,Brandstätter,UkraineSupport,0.6531230807304382,"Verbatim report of proceedings - Continued financial and military support to Ukraine by EU Member States (debate) - Tuesday, 17 September 2024",https://www.europarl.europa.eu/doceo/document/CRE-10-2024-09-17-ITM-002_EN.html,"  Helmut Brandstätter,  on behalf of the Renew Group. – Mr President, dear colleagues, first of all,",RENEW,AUT
257260,Petar,Volgin,CivilianCasualtiesOutrage,0.5084647536277771,"Verbatim report of proceedings - Continued financial and military support to Ukraine by EU Member States (debate) - Tuesday, 17 September 2024",https://www.europarl.europa.eu/doceo/document/CRE-10-2024-09-17-ITM-002_EN.html,"  Petar Volgin (ESN).   – Г-н Председател, тази война, войната в Украйна можеше да свърши още през м",ESN,BGR
112744,Tonino,Picula,CivilianCasualtiesOutrage,0.9455344080924988,"Verbatim report of proceedings - EU action to ensure security guarantees and just peace for Ukraine - 2023 and 2024 reports on Ukraine - Tuesday, 9 September 2025",https://www.europarl.europa.eu/doceo/document/CRE-10-2025-09-09-ITM-002_EN.html,"  Tonino Picula (S&D).   – Madam President, Madam Commissioner and colleagues, when our peace effort",SD,HRV
112744,Tonino,Picula,UkraineSupport,0.6777990460395813,"Verbatim report of proceedings - Continued financial and military support to Ukraine by EU Member States (debate) - Tuesday, 17 September 2024",https://www.europarl.europa.eu/doceo/document/CRE-10-2024-09-17-ITM-002_EN.html,"  Tonino Picula (S&D).   – Mr President, dear colleagues, in the last two and a half years, the Euro",SD,HRV
135511,Valérie,Hayer,CivilianCasualtiesOutrage,0.6054356694221497,"Verbatim report of proceedings - The need for the EU's continuous support for Ukraine (debate) - Wednesday, 17 July 2024",https://www.europarl.europa.eu/doceo/document/CRE-10-2024-07-17-ITM-004_EN.html,"  Valérie Hayer,  au nom du groupe Renew. – Madame la Présidente, chers collègues, l’Ukraine doit re",RENEW,FRA
124785,Maria,Grapini,CivilianCasualtiesOutrage,0.534734845161438,"Verbatim report of proceedings - Continued financial and military support to Ukraine by EU Member States (debate) - Tuesday, 17 September 2024",https://www.europarl.europa.eu/doceo/document/CRE-10-2024-09-17-ITM-002_EN.html,"  Maria Grapini (S&D).   – Doamnă președintă, domnule comisar, stimați colegi, condamn de la bun înc",SD,ROU
218347,Thijs,Reuten,SupportsUkraineStrikes,0.7586174607276917,"Verbatim report of proceedings - Continued financial and military support to Ukraine by EU Member States (debate) - Tuesday, 17 September 2024",https://www.europarl.europa.eu/doceo/document/CRE-10-2024-09-17-ITM-002_EN.html,"  Thijs Reuten (S&D).   – Dear colleagues, dear Commissioner, we know what we have to do, but we're ",NI,NLD
197401,Karin,Karlsbro,RussianAssetsForReparations,0.6074597239494324,"Verbatim report of proceedings - Establishing the Ukraine Loan Cooperation Mechanism and providing exceptional macro-financial assistance to Ukraine (debate) - Tuesday, 22 October 2024",https://www.europarl.europa.eu/doceo/document/CRE-10-2024-10-22-ITM-002_EN.html,"  Karin Karlsbro,  rapporteur. – Mr President, Commission, colleagues, since the first day of Putin'",RENEW,SWE
220871,Rihards,Kols,RussianAssetsForReparations,0.8413450121879578,"Verbatim report of proceedings - Establishing the Ukraine Loan Cooperation Mechanism and providing exceptional macro-financial assistance to Ukraine (debate) - Tuesday, 22 October 2024",https://www.europarl.europa.eu/doceo/document/CRE-10-2024-10-22-ITM-002_EN.html,"  Rihards Kols,  on behalf of the ECR Group. – Mr President, dear colleagues, this is a crucial step",ECR,LVA
124802,Siegfried,Mureşan,RussianAssetsForReparations,0.9019343256950378,"Verbatim report of proceedings - Establishing the Ukraine Loan Cooperation Mechanism and providing exceptional macro-financial assistance to Ukraine (debate) - Tuesday, 22 October 2024",https://www.europarl.europa.eu/doceo/document/CRE-10-2024-10-22-ITM-002_EN.html,"  Siegfried Mureşan (PPE).   – Mr President, dear colleagues, we need to say the truth. There is onl",EPP,ROU
256804,Pekka,Toveri,RussianAssetsForReparations,0.9038774371147156,"Verbatim report of proceedings - Establishing the Ukraine Loan Cooperation Mechanism and providing exceptional macro-financial assistance to Ukraine (debate) - Tuesday, 22 October 2024",https://www.europarl.europa.eu/doceo/document/CRE-10-2024-10-22-ITM-002_EN.html,"  Pekka Toveri (PPE).   – Mr President, dear colleagues, Russia is attacking not only the Ukrainian ",EPP,FIN
256806,Sebastian,Tynkkynen,LanguageOfForce,0.6232942342758179,"Verbatim report of proceedings - Establishing the Ukraine Loan Cooperation Mechanism and providing exceptional macro-financial assistance to Ukraine (debate) - Tuesday, 22 October 2024",https://www.europarl.europa.eu/doceo/document/CRE-10-2024-10-22-ITM-002_EN.html,"  Sebastian Tynkkynen (ECR).   – Mr President, German Chancellor Scholz's pursuit-of-peace policy, a",ECR,FIN
256806,Sebastian,Tynkkynen,SupportsUkraineStrikes,0.9027222394943236,"Verbatim report of proceedings - Continued financial and military support to Ukraine by EU Member States (debate) - Tuesday, 17 September 2024",https://www.europarl.europa.eu/doceo/document/CRE-10-2024-09-17-ITM-002_EN.html,"  Sebastian Tynkkynen (ECR).   – Madam President, since the last time we discussed supporting Ukrain",ECR,FIN
256809,Paulius,Saudargas,RussianAssetsForReparations,0.5788744688034058,"Verbatim report of proceedings - Establishing the Ukraine Loan Cooperation Mechanism and providing exceptional macro-financial assistance to Ukraine (debate) - Tuesday, 22 October 2024",https://www.europarl.europa.eu/doceo/document/CRE-10-2024-10-22-ITM-002_EN.html,"  Paulius Saudargas (PPE).   – Mr President, dear colleagues, we are talking about money here. I hav",EPP,LTU
257026,Michał,Szczerba,SupportsUkraineStrikes,0.8970407843589783,"Verbatim report of proceedings - Continued financial and military support to Ukraine by EU Member States (debate) - Tuesday, 17 September 2024",https://www.europarl.europa.eu/doceo/document/CRE-10-2024-09-17-ITM-002_EN.html,"  Michał Szczerba (PPE).   – Mr President, Russia is the most significant and direct threat to secur",EPP,POL
257026,Michał,Szczerba,LanguageOfForce,0.7510634660720825,"Verbatim report of proceedings - Continued financial and military support to Ukraine by EU Member States (debate) - Tuesday, 17 September 2024",https://www.europarl.europa.eu/doceo/document/CRE-10-2024-09-17-ITM-002_EN.html,"  Michał Szczerba (PPE).   – Mr President, Russia is the most significant and direct threat to secur",EPP,POL
256807,Dainius,Žalimas,RussianAssetsForReparations,0.7883457541465759,"Verbatim report of proceedings - Establishing the Ukraine Loan Cooperation Mechanism and providing exceptional macro-financial assistance to Ukraine (debate) - Tuesday, 22 October 2024",https://www.europarl.europa.eu/doceo/document/CRE-10-2024-10-22-ITM-002_EN.html,"  Dainius Žalimas (Renew).   – Mr President, dear Commissioner, dear colleagues, Russia's criminal a",RENEW,LTU
197493,Jaak,Madison,SupportsUkraineStrikes,0.7988715171813965,"Verbatim report of proceedings - Continued financial and military support to Ukraine by EU Member States (debate) - Tuesday, 17 September 2024",https://www.europarl.europa.eu/doceo/document/CRE-10-2024-09-17-ITM-002_EN.html,"  Jaak Madison (ECR).   – Madam President, dear colleagues, I think we have been having this kind of",ID,EST
218347,Thijs,Reuten,UkraineEUMembership,0.8131158351898193,"Verbatim report of proceedings - EU action to ensure security guarantees and just peace for Ukraine - 2023 and 2024 reports on Ukraine - Tuesday, 9 September 2025",https://www.europarl.europa.eu/doceo/document/CRE-10-2025-09-09-ITM-002_EN.html,"  Thijs Reuten,  on behalf of the S&D Group. – Madam President, with this report Parliament sends a ",NI,NLD
218347,Thijs,Reuten,CriticizesWesternHesitation,0.5406601428985596,"Verbatim report of proceedings - EU action to ensure security guarantees and just peace for Ukraine - 2023 and 2024 reports on Ukraine - Tuesday, 9 September 2025",https://www.europarl.europa.eu/doceo/document/CRE-10-2025-09-09-ITM-002_EN.html,"  Thijs Reuten,  on behalf of the S&D Group. – Madam President, with this report Parliament sends a ",NI,NLD
124766,Petras,Auštrevičius,SecurityThreat,0.9522150754928588,"Verbatim report of proceedings - EU action to ensure security guarantees and just peace for Ukraine - 2023 and 2024 reports on Ukraine - Tuesday, 9 September 2025",https://www.europarl.europa.eu/doceo/document/CRE-10-2025-09-09-ITM-002_EN.html,"  Petras Auštrevičius,  on behalf of the Renew Group. – Madam President, dear Kaja, dear Marta, dear",RENEW,LTU
220871,Rihards,Kols,CriticizesWesternHesitation,0.8719770312309265,"Verbatim report of proceedings - Continued financial and military support to Ukraine by EU Member States (debate) - Tuesday, 17 September 2024",https://www.europarl.europa.eu/doceo/document/CRE-10-2024-09-17-ITM-002_EN.html,"  Rihards Kols (ECR).   – Mr President, we call for the prosecution of war criminals like Putin, Sho",ECR,LVA
256944,Hans,Neuhoff,CriticizesWesternHesitation,0.5163177847862244,"Verbatim report of proceedings - EU action to ensure security guarantees and just peace for Ukraine - 2023 and 2024 reports on Ukraine - Tuesday, 9 September 2025",https://www.europarl.europa.eu/doceo/document/CRE-10-2025-09-09-ITM-002_EN.html,"  Hans Neuhoff,  im Namen der ESN-Fraktion. – Frau Präsidentin! Die einzige wirksame Sicherheitsgara",ESN,DEU
257097,Alberico,Gambino,SecurityThreat,0.677459716796875,"Verbatim report of proceedings - Establishing the Ukraine Loan Cooperation Mechanism and providing exceptional macro-financial assistance to Ukraine (debate) - Tuesday, 22 October 2024",https://www.europarl.europa.eu/doceo/document/CRE-10-2024-10-22-ITM-002_EN.html,"  Alberico Gambino (ECR).   – Signor Presidente, onorevoli colleghi, signor Commissario, la proposta",ECR,ITA
256809,Paulius,Saudargas,AdvocatesMilitarySupport,0.6127931475639343,"Verbatim report of proceedings - Establishing the Ukraine Loan Cooperation Mechanism and providing exceptional macro-financial assistance to Ukraine (debate) - Tuesday, 22 October 2024",https://www.europarl.europa.eu/doceo/document/CRE-10-2024-10-22-ITM-002_EN.html,"  Paulius Saudargas (PPE).   – Mr President, dear colleagues, we are talking about money here. I hav",EPP,LTU
256809,Paulius,Saudargas,CriticizesWesternHesitation,0.5385384559631348,"Verbatim report of proceedings - Establishing the Ukraine Loan Cooperation Mechanism and providing exceptional macro-financial assistance to Ukraine (debate) - Tuesday, 22 October 2024",https://www.europarl.europa.eu/doceo/document/CRE-10-2024-10-22-ITM-002_EN.html,"  Paulius Saudargas (PPE).   – Mr President, dear colleagues, we are talking about money here. I hav",EPP,LTU
257026,Michał,Szczerba,SecurityThreat,0.9834633469581604,"Verbatim report of proceedings - Continued financial and military support to Ukraine by EU Member States (debate) - Tuesday, 17 September 2024",https://www.europarl.europa.eu/doceo/document/CRE-10-2024-09-17-ITM-002_EN.html,"  Michał Szczerba (PPE).   – Mr President, Russia is the most significant and direct threat to secur",EPP,POL
185341,Željana,Zovko,SecurityThreat,0.797396183013916,"Verbatim report of proceedings - Establishing the Ukraine Loan Cooperation Mechanism and providing exceptional macro-financial assistance to Ukraine (debate) - Tuesday, 22 October 2024",https://www.europarl.europa.eu/doceo/document/CRE-10-2024-10-22-ITM-002_EN.html,"  Željana Zovko (PPE).   – Mr President, Russia's aggression and war against Ukraine not only altere",EPP,HRV
197840,Rasa,Juknevičienė,SecurityThreat,0.562436044216156,"Verbatim report of proceedings - EU action to ensure security guarantees and just peace for Ukraine - 2023 and 2024 reports on Ukraine - Tuesday, 9 September 2025",https://www.europarl.europa.eu/doceo/document/CRE-10-2025-09-09-ITM-002_EN.html,"  Rasa Juknevičienė (PPE).   – Madam President, dear colleagues, let's be clear: Ukraine and its Eur",EPP,LTU
201945,Virginijus,Sinkevičius,CriticizesWesternHesitation,0.6622552871704102,"Verbatim report of proceedings - EU action to ensure security guarantees and just peace for Ukraine - 2023 and 2024 reports on Ukraine - Tuesday, 9 September 2025",https://www.europarl.europa.eu/doceo/document/CRE-10-2025-09-09-ITM-002_EN.html,"  Virginijus Sinkevičius (Verts/ALE).   – Madam President, High Representative, dear Commissioner, d",GREEN_EFA,LTU
23788,Adam,Bielan,SecurityThreat,0.6650698184967041,"Verbatim report of proceedings - EU action to ensure security guarantees and just peace for Ukraine - 2023 and 2024 reports on Ukraine - Tuesday, 9 September 2025",https://www.europarl.europa.eu/doceo/document/CRE-10-2025-09-09-ITM-002_EN.html,"  Adam Bielan (ECR).   – Madam President, High Representative, the ECR Group has always been clear: ",ECR,POL
257260,Petar,Volgin,SecurityThreat,0.5095524191856384,"Verbatim report of proceedings - Continued financial and military support to Ukraine by EU Member States (debate) - Tuesday, 17 September 2024",https://www.europarl.europa.eu/doceo/document/CRE-10-2024-09-17-ITM-002_EN.html,"  Petar Volgin (ESN).   – Г-н Председател, тази война, войната в Украйна можеше да свърши още през м",ESN,BGR
130100,Hilde,Vautmans,CriticizesWesternHesitation,0.892099142074585,"Verbatim report of proceedings - EU action to ensure security guarantees and just peace for Ukraine - 2023 and 2024 reports on Ukraine - Tuesday, 9 September 2025",https://www.europarl.europa.eu/doceo/document/CRE-10-2025-09-09-ITM-002_EN.html,"  Hilde Vautmans (Renew).   – Madam President, dear colleagues, it is very good that there is a coal",RENEW,BEL
112744,Tonino,Picula,AdvocatesMilitarySupport,0.9228322505950928,"Verbatim report of proceedings - Continued financial and military support to Ukraine by EU Member States (debate) - Tuesday, 17 September 2024",https://www.europarl.europa.eu/doceo/document/CRE-10-2024-09-17-ITM-002_EN.html,"  Tonino Picula (S&D).   – Mr President, dear colleagues, in the last two and a half years, the Euro",SD,HRV
197494,Nathalie,Loiseau,SecurityThreat,0.614894688129425,"Verbatim report of proceedings - The need for the EU's continuous support for Ukraine (debate) - Wednesday, 17 July 2024",https://www.europarl.europa.eu/doceo/document/CRE-10-2024-07-17-ITM-004_EN.html,"  Nathalie Loiseau (Renew).   – Madame la Présidente, nous l’avons dit, le vol MH17 a été abattu il ",RENEW,FRA
197497,Sven,Mikser,AdvocatesMilitarySupport,0.7163558006286621,"Verbatim report of proceedings - The need for the EU's continuous support for Ukraine (debate) - Wednesday, 17 July 2024",https://www.europarl.europa.eu/doceo/document/CRE-10-2024-07-17-ITM-004_EN.html,"  Sven Mikser (S&D).   – Madam President, dear colleagues, I think it is very symbolic and very impo",SD,EST
190713,Lukas,Mandl,SecurityThreat,0.6650143265724182,"Verbatim report of proceedings - The need for the EU's continuous support for Ukraine (debate) - Wednesday, 17 July 2024",https://www.europarl.europa.eu/doceo/document/CRE-10-2024-07-17-ITM-004_EN.html,"  Lukas Mandl (PPE).   – Madam President, we must not be distracted from various powers in the world",EPP,AUT
197464,Hannah,Neumann,CriticizesWesternHesitation,0.5496412515640259,"Verbatim report of proceedings - Continued financial and military support to Ukraine by EU Member States (debate) - Tuesday, 17 September 2024",https://www.europarl.europa.eu/doceo/document/CRE-10-2024-09-17-ITM-002_EN.html,"  Hannah Neumann (Verts/ALE).   – Madam President, dear colleagues, we need to support Ukraine as lo",GREEN_EFA,DEU
96668,Seán,Kelly,UkraineEUMembership,0.5122365951538086,"Verbatim report of proceedings - Continued financial and military support to Ukraine by EU Member States (debate) - Tuesday, 17 September 2024",https://www.europarl.europa.eu/doceo/document/CRE-10-2024-09-17-ITM-002_EN.html,"  Seán Kelly (PPE).   – A Uachtaráin, as President von der Leyen has emphasised, our goal must be to",EPP,IRL
96934,Sandra,Kalniete,DefendEuropeanValues,0.5354143381118774,"Verbatim report of proceedings - EU action to ensure security guarantees and just peace for Ukraine - 2023 and 2024 reports on Ukraine - Tuesday, 9 September 2025",https://www.europarl.europa.eu/doceo/document/CRE-10-2025-09-09-ITM-002_EN.html,"  Sandra Kalniete (PPE).   – Cienītā sēdes vadītāja! Kolēģi! Vai šeit, Eiropas Parlamentā, ir vēl kā",EPP,LVA
218347,Thijs,Reuten,ProUkraineSovereignty,0.9227453470230104,"Verbatim report of proceedings - Russia’s war crimes in Ukraine: standing with Ukraine and upholding justice (debate) - Tuesday, 1 April 2025",https://www.europarl.europa.eu/doceo/document/CRE-10-2025-04-01-ITM-003_EN.html,"  Thijs Reuten,  on behalf of the S&D Group. – Madam President, High Representative, colleagues, on ",NI,NLD
218347,Thijs,Reuten,DefendEuropeanValues,0.7752469182014465,"Verbatim report of proceedings - Russia’s war crimes in Ukraine: standing with Ukraine and upholding justice (debate) - Tuesday, 1 April 2025",https://www.europarl.europa.eu/doceo/document/CRE-10-2025-04-01-ITM-003_EN.html,"  Thijs Reuten,  on behalf of the S&D Group. – Madam President, High Representative, colleagues, on ",NI,NLD
218347,Thijs,Reuten,DefendEuropeanValues,0.7085078358650208,"Verbatim report of proceedings - EU action to ensure security guarantees and just peace for Ukraine - 2023 and 2024 reports on Ukraine - Tuesday, 9 September 2025",https://www.europarl.europa.eu/doceo/document/CRE-10-2025-09-09-ITM-002_EN.html,"  Thijs Reuten,  on behalf of the S&D Group. – Madam President, with this report Parliament sends a ",NI,NLD
218347,Thijs,Reuten,DefendEuropeanValues,0.8831006288528442,"Verbatim report of proceedings - The need for the EU's continuous support for Ukraine (debate) - Wednesday, 17 July 2024",https://www.europarl.europa.eu/doceo/document/CRE-10-2024-07-17-ITM-004_EN.html,"  Thijs Reuten (S&D).   – Madam President, thanks to all colleagues from the political groups who ta",NI,NLD
218347,Thijs,Reuten,ProUkraineSovereignty,0.9161429405212402,"Verbatim report of proceedings - Continued financial and military support to Ukraine by EU Member States (debate) - Tuesday, 17 September 2024",https://www.europarl.europa.eu/doceo/document/CRE-10-2024-09-17-ITM-002_EN.html,"  Thijs Reuten (S&D).   – Dear colleagues, dear Commissioner, we know what we have to do, but we're ",NI,NLD
218347,Thijs,Reuten,DefendEuropeanValues,0.819485604763031,"Verbatim report of proceedings - Continued financial and military support to Ukraine by EU Member States (debate) - Tuesday, 17 September 2024",https://www.europarl.europa.eu/doceo/document/CRE-10-2024-09-17-ITM-002_EN.html,"  Thijs Reuten (S&D).   – Dear colleagues, dear Commissioner, we know what we have to do, but we're ",NI,NLD
257076,Michał,Dworczyk,DefendEuropeanValues,0.5121708512306213,"Verbatim report of proceedings - Establishing the Ukraine Loan Cooperation Mechanism and providing exceptional macro-financial assistance to Ukraine (debate) - Tuesday, 22 October 2024",https://www.europarl.europa.eu/doceo/document/CRE-10-2024-10-22-ITM-002_EN.html,"  Michał Dworczyk (ECR).   – Panie Przewodniczący! Szanowni państwo! Od 2014 roku, czyli od zajęcia ",ECR,POL
124766,Petras,Auštrevičius,ProUkraineSovereignty,0.6622370481491089,"Verbatim report of proceedings - Russia’s war crimes in Ukraine: standing with Ukraine and upholding justice (debate) - Tuesday, 1 April 2025",https://www.europarl.europa.eu/doceo/document/CRE-10-2025-04-01-ITM-003_EN.html,"  Petras Auštrevičius,  on behalf of the Renew Group. – Madam President, Madam High Representative, ",RENEW,LTU
197401,Karin,Karlsbro,DefendEuropeanValues,0.8869562745094299,"Verbatim report of proceedings - Establishing the Ukraine Loan Cooperation Mechanism and providing exceptional macro-financial assistance to Ukraine (debate) - Tuesday, 22 October 2024",https://www.europarl.europa.eu/doceo/document/CRE-10-2024-10-22-ITM-002_EN.html,"  Karin Karlsbro,  rapporteur. – Mr President, Commission, colleagues, since the first day of Putin'",RENEW,SWE
197401,Karin,Karlsbro,ProUkraineSovereignty,0.8384113907814026,"Verbatim report of proceedings - Establishing the Ukraine Loan Cooperation Mechanism and providing exceptional macro-financial assistance to Ukraine (debate) - Tuesday, 22 October 2024",https://www.europarl.europa.eu/doceo/document/CRE-10-2024-10-22-ITM-002_EN.html,"  Karin Karlsbro,  rapporteur. – Madam President, Commissioner, colleagues, thank you for this impor",RENEW,SWE
197401,Karin,Karlsbro,DefendEuropeanValues,0.5859572887420654,"Verbatim report of proceedings - Establishing the Ukraine Loan Cooperation Mechanism and providing exceptional macro-financial assistance to Ukraine (debate) - Tuesday, 22 October 2024",https://www.europarl.europa.eu/doceo/document/CRE-10-2024-10-22-ITM-002_EN.html,"  Karin Karlsbro,  rapporteur. – Madam President, Commissioner, colleagues, thank you for this impor",RENEW,SWE
23781,Janusz,Lewandowski,DefendEuropeanValues,0.7619577050209045,"Verbatim report of proceedings - Establishing the Ukraine Loan Cooperation Mechanism and providing exceptional macro-financial assistance to Ukraine (debate) - Tuesday, 22 October 2024",https://www.europarl.europa.eu/doceo/document/CRE-10-2024-10-22-ITM-002_EN.html,"  Janusz Lewandowski,  sprawozdawca komisji opiniodawczej – komisji BUDG. – Panie Przewodniczący! Pa",EPP,POL
220871,Rihards,Kols,ProUkraineSovereignty,0.7766839861869812,"Verbatim report of proceedings - Establishing the Ukraine Loan Cooperation Mechanism and providing exceptional macro-financial assistance to Ukraine (debate) - Tuesday, 22 October 2024",https://www.europarl.europa.eu/doceo/document/CRE-10-2024-10-22-ITM-002_EN.html,"  Rihards Kols,  on behalf of the ECR Group. – Mr President, dear colleagues, this is a crucial step",ECR,LVA
220871,Rihards,Kols,DefendEuropeanValues,0.5208934545516968,"Verbatim report of proceedings - Establishing the Ukraine Loan Cooperation Mechanism and providing exceptional macro-financial assistance to Ukraine (debate) - Tuesday, 22 October 2024",https://www.europarl.europa.eu/doceo/document/CRE-10-2024-10-22-ITM-002_EN.html,"  Rihards Kols,  on behalf of the ECR Group. – Mr President, dear colleagues, this is a crucial step",ECR,LVA
220871,Rihards,Kols,ProUkraineSovereignty,0.5298347473144531,"Verbatim report of proceedings - Continued financial and military support to Ukraine by EU Member States (debate) - Tuesday, 17 September 2024",https://www.europarl.europa.eu/doceo/document/CRE-10-2024-09-17-ITM-002_EN.html,"  Rihards Kols (ECR).   – Mr President, we call for the prosecution of war criminals like Putin, Sho",ECR,LVA
197549,Markéta,Gregorová,DefendEuropeanValues,0.6077775359153748,"Verbatim report of proceedings - Establishing the Ukraine Loan Cooperation Mechanism and providing exceptional macro-financial assistance to Ukraine (debate) - Tuesday, 22 October 2024",https://www.europarl.europa.eu/doceo/document/CRE-10-2024-10-22-ITM-002_EN.html,"  Markéta Gregorová,  on behalf of the Verts/ALE Group. – Mr President, honourable Members, we stand",GREEN_EFA,CZE
257011,Lucia,Yar,DefendEuropeanValues,0.6078327298164368,"Verbatim report of proceedings - Continued financial and military support to Ukraine by EU Member States (debate) - Tuesday, 17 September 2024",https://www.europarl.europa.eu/doceo/document/CRE-10-2024-09-17-ITM-002_EN.html,"  Lucia Yar (Renew).   – Vážená pani predsedajúca, komisár. V tejto chvíli potrebujeme posilniť našu",RENEW,SVK
124802,Siegfried,Mureşan,DefendEuropeanValues,0.6155226826667786,"Verbatim report of proceedings - Establishing the Ukraine Loan Cooperation Mechanism and providing exceptional macro-financial assistance to Ukraine (debate) - Tuesday, 22 October 2024",https://www.europarl.europa.eu/doceo/document/CRE-10-2024-10-22-ITM-002_EN.html,"  Siegfried Mureşan (PPE).   – Mr President, dear colleagues, we need to say the truth. There is onl",EPP,ROU
37312,Christel,Schaldemose,DefendEuropeanValues,0.8274824023246765,"Verbatim report of proceedings - Establishing the Ukraine Loan Cooperation Mechanism and providing exceptional macro-financial assistance to Ukraine (debate) - Tuesday, 22 October 2024",https://www.europarl.europa.eu/doceo/document/CRE-10-2024-10-22-ITM-002_EN.html,  Christel Schaldemose (S&D).   – Hr. formand! I snart tre år har ukrainerne kæmpet for deres land o,SD,DNK
257110,Dan,Barna,DefendEuropeanValues,0.7191529273986816,"Verbatim report of proceedings - Establishing the Ukraine Loan Cooperation Mechanism and providing exceptional macro-financial assistance to Ukraine (debate) - Tuesday, 22 October 2024",https://www.europarl.europa.eu/doceo/document/CRE-10-2024-10-22-ITM-002_EN.html,"  Dan Barna (Renew).   – Domnule președinte, mecanismul de împrumut pentru Ucraina, pe care îl vom v",RENEW,ROU
257110,Dan,Barna,ProUkraineSovereignty,0.5558239817619324,"Verbatim report of proceedings - EU action to ensure security guarantees and just peace for Ukraine - 2023 and 2024 reports on Ukraine - Tuesday, 9 September 2025",https://www.europarl.europa.eu/doceo/document/CRE-10-2025-09-09-ITM-002_EN.html,"  Dan Barna (Renew).   – Madam President, I stand before you not just as a European, but as a Romani",RENEW,ROU
257110,Dan,Barna,DefendEuropeanValues,0.5828527212142944,"Verbatim report of proceedings - EU action to ensure security guarantees and just peace for Ukraine - 2023 and 2024 reports on Ukraine - Tuesday, 9 September 2025",https://www.europarl.europa.eu/doceo/document/CRE-10-2025-09-09-ITM-002_EN.html,"  Dan Barna (Renew).   – Madam President, I stand before you not just as a European, but as a Romani",RENEW,ROU
257005,Ľuboš,Blaha,DefendEuropeanValues,0.6490507125854492,"Verbatim report of proceedings - Establishing the Ukraine Loan Cooperation Mechanism and providing exceptional macro-financial assistance to Ukraine (debate) - Tuesday, 22 October 2024",https://www.europarl.europa.eu/doceo/document/CRE-10-2024-10-22-ITM-002_EN.html,"  Ľuboš Blaha (NI).   – Vážený pán predsedajúci, zmrazenie ruského majetku je krádež, doslova lúpež.",NI,SVK
197391,Heléne,Fritzon,DefendEuropeanValues,0.536518394947052,"Verbatim report of proceedings - EU action to ensure security guarantees and just peace for Ukraine - 2023 and 2024 reports on Ukraine - Tuesday, 9 September 2025",https://www.europarl.europa.eu/doceo/document/CRE-10-2025-09-09-ITM-002_EN.html,  Heléne Fritzon (S&D).   – Fru talman! Världsordningen är i gungning och Europa står inför sin svår,SD,SWE
257097,Alberico,Gambino,DefendEuropeanValues,0.6011452674865723,"Verbatim report of proceedings - Establishing the Ukraine Loan Cooperation Mechanism and providing exceptional macro-financial assistance to Ukraine (debate) - Tuesday, 22 October 2024",https://www.europarl.europa.eu/doceo/document/CRE-10-2024-10-22-ITM-002_EN.html,"  Alberico Gambino (ECR).   – Signor Presidente, onorevoli colleghi, signor Commissario, la proposta",ECR,ITA
197694,Raphaël,Glucksmann,DefendEuropeanValues,0.51420658826828,"Verbatim report of proceedings - Establishing the Ukraine Loan Cooperation Mechanism and providing exceptional macro-financial assistance to Ukraine (debate) - Tuesday, 22 October 2024",https://www.europarl.europa.eu/doceo/document/CRE-10-2024-10-22-ITM-002_EN.html,"  Raphaël Glucksmann (S&D).   – Monsieur le Président, enfin! Enfin ce mécanisme commence à faire pa",SD,FRA
256811,Aurelijus,Veryga,DefendEuropeanValues,0.7741554975509644,"Verbatim report of proceedings - Establishing the Ukraine Loan Cooperation Mechanism and providing exceptional macro-financial assistance to Ukraine (debate) - Tuesday, 22 October 2024",https://www.europarl.europa.eu/doceo/document/CRE-10-2024-10-22-ITM-002_EN.html,"  Aurelijus Veryga (ECR).   – Gerbiamas Pirmininke, kolegos. 2022-aisiais metais Rusija pradėjo plat",ECR,LTU
256804,Pekka,Toveri,DefendEuropeanValues,0.7244381308555603,"Verbatim report of proceedings - Establishing the Ukraine Loan Cooperation Mechanism and providing exceptional macro-financial assistance to Ukraine (debate) - Tuesday, 22 October 2024",https://www.europarl.europa.eu/doceo/document/CRE-10-2024-10-22-ITM-002_EN.html,"  Pekka Toveri (PPE).   – Mr President, dear colleagues, Russia is attacking not only the Ukrainian ",EPP,FIN
256804,Pekka,Toveri,DefendEuropeanValues,0.5203768014907837,"Verbatim report of proceedings - EU action to ensure security guarantees and just peace for Ukraine - 2023 and 2024 reports on Ukraine - Tuesday, 9 September 2025",https://www.europarl.europa.eu/doceo/document/CRE-10-2025-09-09-ITM-002_EN.html,"  Pekka Toveri,  on behalf of the PPE Group. – Madam President, dear colleagues, I totally agree wit",EPP,FIN
256806,Sebastian,Tynkkynen,ProUkraineSovereignty,0.8913282155990601,"Verbatim report of proceedings - Establishing the Ukraine Loan Cooperation Mechanism and providing exceptional macro-financial assistance to Ukraine (debate) - Tuesday, 22 October 2024",https://www.europarl.europa.eu/doceo/document/CRE-10-2024-10-22-ITM-002_EN.html,"  Sebastian Tynkkynen (ECR).   – Mr President, German Chancellor Scholz's pursuit-of-peace policy, a",ECR,FIN
256806,Sebastian,Tynkkynen,DefendEuropeanValues,0.689375638961792,"Verbatim report of proceedings - Establishing the Ukraine Loan Cooperation Mechanism and providing exceptional macro-financial assistance to Ukraine (debate) - Tuesday, 22 October 2024",https://www.europarl.europa.eu/doceo/document/CRE-10-2024-10-22-ITM-002_EN.html,"  Sebastian Tynkkynen (ECR).   – Mr President, German Chancellor Scholz's pursuit-of-peace policy, a",ECR,FIN
256806,Sebastian,Tynkkynen,ProUkraineSovereignty,0.7197510600090027,"Verbatim report of proceedings - The need for the EU's continuous support for Ukraine (debate) - Wednesday, 17 July 2024",https://www.europarl.europa.eu/doceo/document/CRE-10-2024-07-17-ITM-004_EN.html,"  Sebastian Tynkkynen (ECR).   – Madam President, during the recently concluded term, we approved a ",ECR,FIN
257026,Michał,Szczerba,ProUkraineSovereignty,0.5360929369926453,"Verbatim report of proceedings - Continued financial and military support to Ukraine by EU Member States (debate) - Tuesday, 17 September 2024",https://www.europarl.europa.eu/doceo/document/CRE-10-2024-09-17-ITM-002_EN.html,"  Michał Szczerba (PPE).   – Mr President, Russia is the most significant and direct threat to secur",EPP,POL
197392,Evin,Incir,ProUkraineSovereignty,0.666736900806427,"Verbatim report of proceedings - Establishing the Ukraine Loan Cooperation Mechanism and providing exceptional macro-financial assistance to Ukraine (debate) - Tuesday, 22 October 2024",https://www.europarl.europa.eu/doceo/document/CRE-10-2024-10-22-ITM-002_EN.html,"  Evin Incir (S&D).   – Mr President, colleagues, in September I had the privilege of visiting Ukrai",SD,SWE
197392,Evin,Incir,DefendEuropeanValues,0.8261150121688843,"Verbatim report of proceedings - Establishing the Ukraine Loan Cooperation Mechanism and providing exceptional macro-financial assistance to Ukraine (debate) - Tuesday, 22 October 2024",https://www.europarl.europa.eu/doceo/document/CRE-10-2024-10-22-ITM-002_EN.html,"  Evin Incir (S&D).   – Mr President, colleagues, in September I had the privilege of visiting Ukrai",SD,SWE
197392,Evin,Incir,ProUkraineSovereignty,0.9147084355354308,"Verbatim report of proceedings - Continued financial and military support to Ukraine by EU Member States (debate) - Tuesday, 17 September 2024",https://www.europarl.europa.eu/doceo/document/CRE-10-2024-09-17-ITM-002_EN.html,"  Evin Incir (S&D).   – Madam President, colleagues, despite previous dialogue efforts, Putin contin",SD,SWE
185341,Željana,Zovko,DefendEuropeanValues,0.9669154286384584,"Verbatim report of proceedings - Establishing the Ukraine Loan Cooperation Mechanism and providing exceptional macro-financial assistance to Ukraine (debate) - Tuesday, 22 October 2024",https://www.europarl.europa.eu/doceo/document/CRE-10-2024-10-22-ITM-002_EN.html,"  Željana Zovko (PPE).   – Mr President, Russia's aggression and war against Ukraine not only altere",EPP,HRV
256807,Dainius,Žalimas,ProUkraineSovereignty,0.5255058407783508,"Verbatim report of proceedings - Establishing the Ukraine Loan Cooperation Mechanism and providing exceptional macro-financial assistance to Ukraine (debate) - Tuesday, 22 October 2024",https://www.europarl.europa.eu/doceo/document/CRE-10-2024-10-22-ITM-002_EN.html,"  Dainius Žalimas (Renew).   – Mr President, dear Commissioner, dear colleagues, Russia's criminal a",RENEW,LTU
219652,Matej,Tonin,DefendEuropeanValues,0.5116705894470215,"Verbatim report of proceedings - EU action to ensure security guarantees and just peace for Ukraine - 2023 and 2024 reports on Ukraine - Tuesday, 9 September 2025",https://www.europarl.europa.eu/doceo/document/CRE-10-2025-09-09-ITM-002_EN.html,"  Matej Tonin (PPE).   – Madam President, dear Commissioners, dear colleagues, it seems that we are ",EPP,SVN
2341,Michael,Gahler,DefendEuropeanValues,0.5468665957450867,"Verbatim report of proceedings - EU action to ensure security guarantees and just peace for Ukraine - 2023 and 2024 reports on Ukraine - Tuesday, 9 September 2025",https://www.europarl.europa.eu/doceo/document/CRE-10-2025-09-09-ITM-002_EN.html,"  Michael Gahler,  Berichterstatter. – Frau Präsidentin, liebe Kolleginnen und Kollegen, sehr verehr",EPP,DEU
2341,Michael,Gahler,DefendEuropeanValues,0.6096733808517456,"Verbatim report of proceedings - Continued financial and military support to Ukraine by EU Member States (debate) - Tuesday, 17 September 2024",https://www.europarl.europa.eu/doceo/document/CRE-10-2024-09-17-ITM-002_EN.html,"  Michael Gahler,  on behalf of the PPE Group. – (Start of speech off mic) ... to be one of the key ",EPP,DEU
197460,Sergey,Lagodinsky,DefendEuropeanValues,0.7803789377212524,"Verbatim report of proceedings - EU action to ensure security guarantees and just peace for Ukraine - 2023 and 2024 reports on Ukraine - Tuesday, 9 September 2025",https://www.europarl.europa.eu/doceo/document/CRE-10-2025-09-09-ITM-002_EN.html,"  Sergey Lagodinsky,  im Namen der Verts/ALE-Fraktion. – Frau Präsidentin! Es muss klar sein, es mus",GREEN_EFA,DEU
197460,Sergey,Lagodinsky,DefendEuropeanValues,0.6068942546844482,"Verbatim report of proceedings - The need for the EU's continuous support for Ukraine (debate) - Wednesday, 17 July 2024",https://www.europarl.europa.eu/doceo/document/CRE-10-2024-07-17-ITM-004_EN.html,"  Sergey Lagodinsky,  on behalf of the Verts/ALE Group. – Dear colleagues, dear citizens, but, in th",GREEN_EFA,DEU
197460,Sergey,Lagodinsky,ProUkraineSovereignty,0.5478237867355347,"Verbatim report of proceedings - Continued financial and military support to Ukraine by EU Member States (debate) - Tuesday, 17 September 2024",https://www.europarl.europa.eu/doceo/document/CRE-10-2024-09-17-ITM-002_EN.html,"  Sergey Lagodinsky,  on behalf of the Verts/ALE Group. – Mr President, ever since Russia launched i",GREEN_EFA,DEU
197460,Sergey,Lagodinsky,DefendEuropeanValues,0.7562814354896545,"Verbatim report of proceedings - Continued financial and military support to Ukraine by EU Member States (debate) - Tuesday, 17 September 2024",https://www.europarl.europa.eu/doceo/document/CRE-10-2024-09-17-ITM-002_EN.html,"  Sergey Lagodinsky,  on behalf of the Verts/ALE Group. – Mr President, ever since Russia launched i",GREEN_EFA,DEU
256938,Tobias,Cremer,DefendEuropeanValues,0.7715169191360474,"Verbatim report of proceedings - Continued financial and military support to Ukraine by EU Member States (debate) - Tuesday, 17 September 2024",https://www.europarl.europa.eu/doceo/document/CRE-10-2024-09-17-ITM-002_EN.html,"  Tobias Cremer (S&D).   – Madam President, dear colleagues, this is my first speech on this floor a",SD,DEU
201945,Virginijus,Sinkevičius,DefendEuropeanValues,0.6434645652770996,"Verbatim report of proceedings - EU action to ensure security guarantees and just peace for Ukraine - 2023 and 2024 reports on Ukraine - Tuesday, 9 September 2025",https://www.europarl.europa.eu/doceo/document/CRE-10-2025-09-09-ITM-002_EN.html,"  Virginijus Sinkevičius (Verts/ALE).   – Madam President, High Representative, dear Commissioner, d",GREEN_EFA,LTU
23788,Adam,Bielan,ProUkraineSovereignty,0.9222525358200072,"Verbatim report of proceedings - EU action to ensure security guarantees and just peace for Ukraine - 2023 and 2024 reports on Ukraine - Tuesday, 9 September 2025",https://www.europarl.europa.eu/doceo/document/CRE-10-2025-09-09-ITM-002_EN.html,"  Adam Bielan (ECR).   – Madam President, High Representative, the ECR Group has always been clear: ",ECR,POL
23788,Adam,Bielan,DefendEuropeanValues,0.6997652053833008,"Verbatim report of proceedings - EU action to ensure security guarantees and just peace for Ukraine - 2023 and 2024 reports on Ukraine - Tuesday, 9 September 2025",https://www.europarl.europa.eu/doceo/document/CRE-10-2025-09-09-ITM-002_EN.html,"  Adam Bielan (ECR).   – Madam President, High Representative, the ECR Group has always been clear: ",ECR,POL
256907,Reinis,Pozņaks,DefendEuropeanValues,0.7826804518699646,"Verbatim report of proceedings - EU action to ensure security guarantees and just peace for Ukraine - 2023 and 2024 reports on Ukraine - Tuesday, 9 September 2025",https://www.europarl.europa.eu/doceo/document/CRE-10-2025-09-09-ITM-002_EN.html,"  Reinis Pozņaks (ECR).   – Labdien, cienījamie kolēģi, komisāres kundze, priekšsēdētāja!Kopš ieprie",ECR,LVA
256841,Helmut,Brandstätter,ProUkraineSovereignty,0.5743758678436279,"Verbatim report of proceedings - Continued financial and military support to Ukraine by EU Member States (debate) - Tuesday, 17 September 2024",https://www.europarl.europa.eu/doceo/document/CRE-10-2024-09-17-ITM-002_EN.html,"  Helmut Brandstätter,  on behalf of the Renew Group. – Mr President, dear colleagues, first of all,",RENEW,AUT
256841,Helmut,Brandstätter,DefendEuropeanValues,0.9504987597465516,"Verbatim report of proceedings - Continued financial and military support to Ukraine by EU Member States (debate) - Tuesday, 17 September 2024",https://www.europarl.europa.eu/doceo/document/CRE-10-2024-09-17-ITM-002_EN.html,"  Helmut Brandstätter,  on behalf of the Renew Group. – Mr President, dear colleagues, first of all,",RENEW,AUT
257260,Petar,Volgin,ProUkraineSovereignty,0.5075122714042664,"Verbatim report of proceedings - EU action to ensure security guarantees and just peace for Ukraine - 2023 and 2024 reports on Ukraine - Tuesday, 9 September 2025",https://www.europarl.europa.eu/doceo/document/CRE-10-2025-09-09-ITM-002_EN.html,"  Petar Volgin (ESN).   – Госпожо Председател, има няколко основни теми, за които привържениците на ",ESN,BGR
257260,Petar,Volgin,ProUkraineSovereignty,0.5403450131416321,"Verbatim report of proceedings - Continued financial and military support to Ukraine by EU Member States (debate) - Tuesday, 17 September 2024",https://www.europarl.europa.eu/doceo/document/CRE-10-2024-09-17-ITM-002_EN.html,"  Petar Volgin (ESN).   – Г-н Председател, тази война, войната в Украйна можеше да свърши още през м",ESN,BGR
130100,Hilde,Vautmans,StrengthenSanctions,0.7650471925735474,"Verbatim report of proceedings - EU action to ensure security guarantees and just peace for Ukraine - 2023 and 2024 reports on Ukraine - Tuesday, 9 September 2025",https://www.europarl.europa.eu/doceo/document/CRE-10-2025-09-09-ITM-002_EN.html,"  Hilde Vautmans (Renew).   – Madam President, dear colleagues, it is very good that there is a coal",RENEW,BEL
130100,Hilde,Vautmans,ProUkraineSovereignty,0.6288596391677856,"Verbatim report of proceedings - EU action to ensure security guarantees and just peace for Ukraine - 2023 and 2024 reports on Ukraine - Tuesday, 9 September 2025",https://www.europarl.europa.eu/doceo/document/CRE-10-2025-09-09-ITM-002_EN.html,"  Hilde Vautmans (Renew).   – Madam President, dear colleagues, it is very good that there is a coal",RENEW,BEL
130100,Hilde,Vautmans,StrengthenSanctions,0.5395200848579407,"Verbatim report of proceedings - Continued financial and military support to Ukraine by EU Member States (debate) - Tuesday, 17 September 2024",https://www.europarl.europa.eu/doceo/document/CRE-10-2024-09-17-ITM-002_EN.html,"  Hilde Vautmans (Renew).   – Voorzitter, sinds 24 februari 2022 zijn de schendingen van het humanit",RENEW,BEL
197543,Bernard,Guetta,DefendEuropeanValues,0.5218021869659424,"Verbatim report of proceedings - EU action to ensure security guarantees and just peace for Ukraine - 2023 and 2024 reports on Ukraine - Tuesday, 9 September 2025",https://www.europarl.europa.eu/doceo/document/CRE-10-2025-09-09-ITM-002_EN.html,"  Bernard Guetta (Renew).   – Madame la Présidente, rien n'est fait, hélas, rien n'est joué, mais il",RENEW,FRA
112744,Tonino,Picula,StrengthenSanctions,0.9594618082046508,"Verbatim report of proceedings - EU action to ensure security guarantees and just peace for Ukraine - 2023 and 2024 reports on Ukraine - Tuesday, 9 September 2025",https://www.europarl.europa.eu/doceo/document/CRE-10-2025-09-09-ITM-002_EN.html,"  Tonino Picula (S&D).   – Madam President, Madam Commissioner and colleagues, when our peace effort",SD,HRV
112744,Tonino,Picula,StrengthenSanctions,0.7332638502120972,"Verbatim report of proceedings - Continued financial and military support to Ukraine by EU Member States (debate) - Tuesday, 17 September 2024",https://www.europarl.europa.eu/doceo/document/CRE-10-2024-09-17-ITM-002_EN.html,"  Tonino Picula (S&D).   – Mr President, dear colleagues, in the last two and a half years, the Euro",SD,HRV
135511,Valérie,Hayer,ProUkraineSovereignty,0.8132350444793701,"Verbatim report of proceedings - The need for the EU's continuous support for Ukraine (debate) - Wednesday, 17 July 2024",https://www.europarl.europa.eu/doceo/document/CRE-10-2024-07-17-ITM-004_EN.html,"  Valérie Hayer,  au nom du groupe Renew. – Madame la Présidente, chers collègues, l’Ukraine doit re",RENEW,FRA
135511,Valérie,Hayer,DefendEuropeanValues,0.503524899482727,"Verbatim report of proceedings - The need for the EU's continuous support for Ukraine (debate) - Wednesday, 17 July 2024",https://www.europarl.europa.eu/doceo/document/CRE-10-2024-07-17-ITM-004_EN.html,"  Valérie Hayer,  au nom du groupe Renew. – Madame la Présidente, chers collègues, l’Ukraine doit re",RENEW,FRA
103381,Terry,Reintke,ProUkraineSovereignty,0.6225513219833374,"Verbatim report of proceedings - 1000 days of Russia's full-scale invasion of Ukraine (debate) - Tuesday, 19 November 2024",https://www.europarl.europa.eu/doceo/document/CRE-10-2024-11-19-ITM-005_EN.html,"  Terry Reintke,  on behalf of the Verts/ALE Group. – Madam President, dear President of Ukraine Zel",GREEN_EFA,DEU
197514,Andrzej,Halicki,DefendEuropeanValues,0.6316501498222351,"Verbatim report of proceedings - The need for the EU's continuous support for Ukraine (debate) - Wednesday, 17 July 2024",https://www.europarl.europa.eu/doceo/document/CRE-10-2024-07-17-ITM-004_EN.html,"  Andrzej Halicki,  on behalf of the PPE Group. – Madam President, once again, I’m very happy to see",EPP,POL
197497,Sven,Mikser,ProUkraineSovereignty,0.6513776183128357,"Verbatim report of proceedings - The need for the EU's continuous support for Ukraine (debate) - Wednesday, 17 July 2024",https://www.europarl.europa.eu/doceo/document/CRE-10-2024-07-17-ITM-004_EN.html,"  Sven Mikser (S&D).   – Madam President, dear colleagues, I think it is very symbolic and very impo",SD,EST
197497,Sven,Mikser,ProUkraineSovereignty,0.7047355771064758,"Verbatim report of proceedings - Continued financial and military support to Ukraine by EU Member States (debate) - Tuesday, 17 September 2024",https://www.europarl.europa.eu/doceo/document/CRE-10-2024-09-17-ITM-002_EN.html,"  Sven Mikser (S&D).   – Mr President, it is over two and a half years since Russia waged its full-s",SD,EST
190713,Lukas,Mandl,DefendEuropeanValues,0.6160293817520142,"Verbatim report of proceedings - The need for the EU's continuous support for Ukraine (debate) - Wednesday, 17 July 2024",https://www.europarl.europa.eu/doceo/document/CRE-10-2024-07-17-ITM-004_EN.html,"  Lukas Mandl (PPE).   – Madam President, we must not be distracted from various powers in the world",EPP,AUT
96681,Vilija,Blinkevičiūtė,DefendEuropeanValues,0.6750878691673279,"Verbatim report of proceedings - Continued financial and military support to Ukraine by EU Member States (debate) - Tuesday, 17 September 2024",https://www.europarl.europa.eu/doceo/document/CRE-10-2024-09-17-ITM-002_EN.html,"  Vilija Blinkevičiūtė (S&D).   – Gerbiama Pirmininke, komisare, kolegos, Europos saugumas priklauso",SD,LTU
96668,Seán,Kelly,ProUkraineSovereignty,0.7660021781921387,"Verbatim report of proceedings - Continued financial and military support to Ukraine by EU Member States (debate) - Tuesday, 17 September 2024",https://www.europarl.europa.eu/doceo/document/CRE-10-2024-09-17-ITM-002_EN.html,"  Seán Kelly (PPE).   – A Uachtaráin, as President von der Leyen has emphasised, our goal must be to",EPP,IRL
96668,Seán,Kelly,DefendEuropeanValues,0.7721567749977112,"Verbatim report of proceedings - Continued financial and military support to Ukraine by EU Member States (debate) - Tuesday, 17 September 2024",https://www.europarl.europa.eu/doceo/document/CRE-10-2024-09-17-ITM-002_EN.html,"  Seán Kelly (PPE).   – A Uachtaráin, as President von der Leyen has emphasised, our goal must be to",EPP,IRL
256900,Fernand,Kartheiser,DefendEuropeanValues,0.6714261770248413,"Verbatim report of proceedings - Continued financial and military support to Ukraine by EU Member States (debate) - Tuesday, 17 September 2024",https://www.europarl.europa.eu/doceo/document/CRE-10-2024-09-17-ITM-002_EN.html,"  Fernand Kartheiser (ECR).   – Madame la Présidente, dans ce conflit l'Union européenne n'a à aucun",ECR,LUX
